condition,speed_cm_s,trial,success,lift_mm,pos_err_mm,ori_err_deg,approach_mm,progress_pct,main_failure,n_attempts
static_replay,2.0,1,0,-0.010,inf,inf,inf,100.000,attempt_limit,3
static_replay,2.0,2,0,-0.010,inf,inf,inf,100.000,attempt_limit,3
static_replay,2.0,3,0,-0.010,inf,inf,inf,100.000,attempt_limit,3
static_replay,2.0,4,0,-0.010,inf,inf,inf,100.000,attempt_limit,3
static_replay,2.0,5,0,-0.010,inf,inf,inf,100.000,attempt_limit,3
static_replay,2.0,6,0,-0.010,inf,inf,inf,100.000,attempt_limit,3
static_replay,2.0,7,0,-0.010,inf,inf,inf,100.000,attempt_limit,3
static_replay,2.0,8,0,-0.010,inf,inf,inf,100.000,attempt_limit,3
static_replay,2.0,9,0,-0.010,inf,inf,inf,100.000,attempt_limit,3
static_replay,2.0,10,0,-0.010,inf,inf,inf,100.000,attempt_limit,3
static_replay,2.0,11,0,-0.010,inf,inf,inf,100.000,attempt_limit,3
static_replay,2.0,12,0,-0.010,inf,inf,inf,100.000,attempt_limit,3
static_replay,2.0,13,0,-0.010,inf,inf,inf,100.000,attempt_limit,3
static_replay,2.0,14,0,-0.010,inf,inf,inf,100.000,attempt_limit,3
static_replay,2.0,15,0,-0.010,inf,inf,inf,100.000,attempt_limit,3
static_replay,2.0,16,0,-0.010,inf,inf,inf,100.000,attempt_limit,3
static_replay,2.0,17,0,-0.010,inf,inf,inf,100.000,attempt_limit,3
static_replay,2.0,18,0,-0.010,inf,inf,inf,100.000,attempt_limit,3
static_replay,2.0,19,0,-0.010,inf,inf,inf,100.000,attempt_limit,3
static_replay,2.0,20,0,-0.010,inf,inf,inf,100.000,attempt_limit,3
dynamic_tau0,2.0,1,1,95.902,0.340,2.065,0.315,91.995,none,3
dynamic_tau0,2.0,2,1,131.848,1.005,1.758,1.045,96.178,none,1
dynamic_tau0,2.0,3,1,94.492,0.480,1.922,12.400,92.544,none,3
dynamic_tau0,2.0,4,1,251.687,0.807,5.374,0.931,96.630,none,1
dynamic_tau0,2.0,5,0,-0.010,inf,inf,inf,82.136,attempt_limit,3
dynamic_tau0,2.0,6,0,109.867,1.332,2.915,26.247,95.049,approach,2
dynamic_tau0,2.0,7,0,-0.010,inf,inf,inf,84.675,attempt_limit,3
dynamic_tau0,2.0,8,1,96.397,0.939,4.687,1.233,96.506,none,1
dynamic_tau0,2.0,9,0,-0.010,inf,inf,inf,88.713,attempt_limit,3
dynamic_tau0,2.0,10,0,-0.010,inf,inf,inf,87.778,attempt_limit,3
dynamic_tau0,2.0,11,1,242.942,1.655,3.192,1.706,55.270,none,1
dynamic_tau0,2.0,12,0,-0.010,inf,inf,inf,87.931,attempt_limit,3
dynamic_tau0,2.0,13,1,261.183,1.267,1.607,1.307,86.878,none,2
dynamic_tau0,2.0,14,1,253.250,1.459,2.913,1.497,78.609,none,2
dynamic_tau0,2.0,15,1,263.140,1.296,3.170,1.350,68.779,none,1
dynamic_tau0,2.0,16,1,259.833,1.720,0.558,2.078,59.513,none,1
dynamic_tau0,2.0,17,1,262.365,1.352,2.905,1.406,65.065,none,1
dynamic_tau0,2.0,18,1,265.380,1.319,2.590,1.373,66.565,none,1
dynamic_tau0,2.0,19,1,270.491,1.332,1.395,1.382,69.980,none,1
dynamic_tau0,2.0,20,1,277.357,1.068,3.869,1.129,79.725,none,1
oracle_pose,2.0,1,1,282.871,1.010,10.230,1.058,100.000,none,1
oracle_pose,2.0,2,1,282.609,1.009,10.060,1.057,100.000,none,1
oracle_pose,2.0,3,1,282.353,1.009,9.888,1.056,100.000,none,1
oracle_pose,2.0,4,1,282.101,1.008,9.714,1.055,100.000,none,1
oracle_pose,2.0,5,1,281.849,1.008,9.537,1.054,100.000,none,1
oracle_pose,2.0,6,1,281.600,1.007,9.358,1.053,100.000,none,1
oracle_pose,2.0,7,1,281.357,1.007,9.176,1.052,100.000,none,1
oracle_pose,2.0,8,1,281.117,1.006,8.992,1.051,100.000,none,1
oracle_pose,2.0,9,1,280.877,1.006,8.805,1.050,100.000,none,1
oracle_pose,2.0,10,1,280.643,1.005,8.617,1.049,100.000,none,1
oracle_pose,2.0,11,1,280.415,1.005,8.426,1.048,100.000,none,1
oracle_pose,2.0,12,1,280.187,1.004,8.233,1.047,100.000,none,1
oracle_pose,2.0,13,1,279.964,1.004,8.038,1.046,100.000,none,1
oracle_pose,2.0,14,1,279.740,1.003,7.841,1.045,100.000,none,1
oracle_pose,2.0,15,1,279.508,1.003,7.640,1.044,100.000,none,1
oracle_pose,2.0,16,1,279.272,1.002,7.435,1.043,100.000,none,1
oracle_pose,2.0,17,1,279.035,1.002,7.229,1.042,100.000,none,1
oracle_pose,2.0,18,1,278.799,1.001,7.021,1.041,100.000,none,1
oracle_pose,2.0,19,1,278.562,1.001,6.810,1.040,100.000,none,1
oracle_pose,2.0,20,1,278.329,1.000,6.599,1.038,100.000,none,1
raw_observation,2.0,1,0,-0.010,inf,inf,inf,100.000,lift,1
raw_observation,2.0,2,0,-0.010,inf,inf,inf,100.000,lift,1
raw_observation,2.0,3,0,-0.010,inf,inf,inf,100.000,lift,1
raw_observation,2.0,4,0,-0.010,inf,inf,inf,100.000,lift,1
raw_observation,2.0,5,0,-0.010,inf,inf,inf,100.000,lift,1
raw_observation,2.0,6,0,-0.010,inf,inf,inf,100.000,lift,1
raw_observation,2.0,7,0,-0.010,inf,inf,inf,100.000,lift,1
raw_observation,2.0,8,0,-0.010,inf,inf,inf,100.000,lift,1
raw_observation,2.0,9,0,-0.010,inf,inf,inf,100.000,lift,1
raw_observation,2.0,10,0,-0.010,inf,inf,inf,100.000,lift,1
raw_observation,2.0,11,0,-0.010,inf,inf,inf,100.000,lift,1
raw_observation,2.0,12,0,-0.010,inf,inf,inf,100.000,lift,1
raw_observation,2.0,13,0,-0.010,inf,inf,inf,100.000,lift,1
raw_observation,2.0,14,0,-0.010,inf,inf,inf,100.000,lift,1
raw_observation,2.0,15,0,-0.010,inf,inf,inf,100.000,lift,1
raw_observation,2.0,16,0,-0.010,inf,inf,inf,100.000,lift,1
raw_observation,2.0,17,0,-0.010,inf,inf,inf,100.000,lift,1
raw_observation,2.0,18,0,-0.010,inf,inf,inf,100.000,lift,1
raw_observation,2.0,19,0,-0.010,inf,inf,inf,100.000,lift,1
raw_observation,2.0,20,0,-0.010,inf,inf,inf,100.000,lift,1
uncertainty_gated,2.0,1,1,264.048,1.208,2.956,1.249,15.668,none,1
uncertainty_gated,2.0,2,0,39.078,1.058,1.714,1.087,13.878,lift,1
uncertainty_gated,2.0,3,1,70.800,0.830,6.936,17.930,29.801,none,2
uncertainty_gated,2.0,4,1,261.427,1.472,1.386,6.811,17.020,none,1
uncertainty_gated,2.0,5,0,72.653,1.403,3.567,79.292,16.854,approach,1
uncertainty_gated,2.0,6,0,14.575,0.646,4.411,0.778,13.347,lift,1
uncertainty_gated,2.0,7,0,-0.010,inf,inf,inf,56.705,attempt_limit,3
uncertainty_gated,2.0,8,0,33.642,0.181,5.822,0.335,15.190,lift,1
uncertainty_gated,2.0,9,0,-0.010,inf,inf,inf,65.197,attempt_limit,3
uncertainty_gated,2.0,10,0,0.280,inf,inf,inf,55.064,attempt_limit,3
uncertainty_gated,2.0,11,0,-0.010,inf,inf,inf,31.218,attempt_limit,3
uncertainty_gated,2.0,12,0,-0.010,inf,inf,inf,64.613,attempt_limit,3
uncertainty_gated,2.0,13,0,-0.010,inf,inf,inf,35.582,attempt_limit,3
uncertainty_gated,2.0,14,0,47.605,0.547,0.205,0.619,26.321,lift,2
uncertainty_gated,2.0,15,0,250.322,1.736,0.765,20.171,18.575,approach,1
uncertainty_gated,2.0,16,1,74.002,12.891,18.818,13.995,28.103,none,2
uncertainty_gated,2.0,17,1,258.924,1.582,1.880,1.636,15.865,none,1
uncertainty_gated,2.0,18,1,76.103,3.227,17.033,17.140,28.147,none,2
uncertainty_gated,2.0,19,1,260.926,1.523,0.821,18.607,18.273,none,1
uncertainty_gated,2.0,20,1,84.503,4.928,19.148,16.936,28.857,none,2
pd_feedforward,2.0,1,0,-0.010,inf,inf,inf,100.000,lift,1
pd_feedforward,2.0,2,0,-0.010,inf,inf,inf,100.000,lift,1
pd_feedforward,2.0,3,0,-0.010,inf,inf,inf,100.000,lift,1
pd_feedforward,2.0,4,0,-0.010,inf,inf,inf,100.000,lift,1
pd_feedforward,2.0,5,0,-0.010,inf,inf,inf,100.000,lift,1
pd_feedforward,2.0,6,0,-0.010,inf,inf,inf,100.000,lift,1
pd_feedforward,2.0,7,0,-0.010,inf,inf,inf,100.000,lift,1
pd_feedforward,2.0,8,0,-0.010,inf,inf,inf,100.000,lift,1
pd_feedforward,2.0,9,0,-0.010,inf,inf,inf,100.000,lift,1
pd_feedforward,2.0,10,0,-0.010,inf,inf,inf,100.000,lift,1
pd_feedforward,2.0,11,0,-0.010,inf,inf,inf,100.000,lift,1
pd_feedforward,2.0,12,0,-0.010,inf,inf,inf,100.000,lift,1
pd_feedforward,2.0,13,0,-0.010,inf,inf,inf,100.000,lift,1
pd_feedforward,2.0,14,0,-0.010,inf,inf,inf,100.000,lift,1
pd_feedforward,2.0,15,0,-0.010,inf,inf,inf,100.000,lift,1
pd_feedforward,2.0,16,0,-0.010,inf,inf,inf,100.000,lift,1
pd_feedforward,2.0,17,0,-0.010,inf,inf,inf,100.000,lift,1
pd_feedforward,2.0,18,0,-0.010,inf,inf,inf,100.000,lift,1
pd_feedforward,2.0,19,0,-0.010,inf,inf,inf,100.000,lift,1
pd_feedforward,2.0,20,0,-0.010,inf,inf,inf,100.000,lift,1
static_replay,4.0,1,0,-0.010,inf,inf,inf,100.000,attempt_limit,3
static_replay,4.0,2,0,-0.010,inf,inf,inf,100.000,attempt_limit,3
static_replay,4.0,3,0,-0.010,inf,inf,inf,100.000,attempt_limit,3
static_replay,4.0,4,0,-0.010,inf,inf,inf,100.000,attempt_limit,3
static_replay,4.0,5,0,-0.010,inf,inf,inf,100.000,attempt_limit,3
static_replay,4.0,6,0,-0.010,inf,inf,inf,100.000,attempt_limit,3
static_replay,4.0,7,0,-0.010,inf,inf,inf,100.000,attempt_limit,3
static_replay,4.0,8,0,-0.010,inf,inf,inf,100.000,attempt_limit,3
static_replay,4.0,9,0,-0.010,inf,inf,inf,100.000,attempt_limit,3
static_replay,4.0,10,0,-0.010,inf,inf,inf,100.000,attempt_limit,3
static_replay,4.0,11,0,-0.010,inf,inf,inf,100.000,attempt_limit,3
static_replay,4.0,12,0,-0.010,inf,inf,inf,100.000,attempt_limit,3
static_replay,4.0,13,0,-0.010,inf,inf,inf,100.000,attempt_limit,3
static_replay,4.0,14,0,-0.010,inf,inf,inf,100.000,attempt_limit,3
static_replay,4.0,15,0,-0.010,inf,inf,inf,100.000,attempt_limit,3
static_replay,4.0,16,0,-0.010,inf,inf,inf,100.000,attempt_limit,3
static_replay,4.0,17,0,-0.010,inf,inf,inf,100.000,attempt_limit,3
static_replay,4.0,18,0,-0.010,inf,inf,inf,100.000,attempt_limit,3
static_replay,4.0,19,0,-0.010,inf,inf,inf,100.000,attempt_limit,3
static_replay,4.0,20,0,-0.010,inf,inf,inf,100.000,attempt_limit,3
dynamic_tau0,4.0,1,1,111.349,2.195,18.524,2.162,93.056,none,3
dynamic_tau0,4.0,2,0,-0.010,inf,inf,inf,80.705,attempt_limit,3
dynamic_tau0,4.0,3,0,-0.010,inf,inf,inf,88.305,attempt_limit,3
dynamic_tau0,4.0,4,0,-0.010,inf,inf,inf,87.235,attempt_limit,3
dynamic_tau0,4.0,5,1,110.271,2.042,17.927,2.047,95.212,none,3
dynamic_tau0,4.0,6,1,341.986,2.773,2.686,3.093,38.483,none,1
dynamic_tau0,4.0,7,1,105.862,2.041,18.869,1.958,94.952,none,3
dynamic_tau0,4.0,8,1,103.633,2.166,19.759,2.053,95.126,none,3
dynamic_tau0,4.0,9,1,103.633,2.044,19.892,1.960,95.047,none,3
dynamic_tau0,4.0,10,1,102.257,1.613,17.360,1.582,95.323,none,3
dynamic_tau0,4.0,11,1,107.583,1.211,17.703,1.228,94.238,none,3
dynamic_tau0,4.0,12,1,349.541,2.454,6.613,2.495,41.839,none,1
dynamic_tau0,4.0,13,1,101.649,1.201,16.624,1.215,94.652,none,3
dynamic_tau0,4.0,14,1,98.827,1.383,18.485,1.293,94.266,none,3
dynamic_tau0,4.0,15,0,-0.010,inf,inf,inf,85.772,attempt_limit,3
dynamic_tau0,4.0,16,1,122.943,2.178,14.448,2.112,95.276,none,2
dynamic_tau0,4.0,17,1,124.597,2.037,13.729,1.985,95.521,none,2
dynamic_tau0,4.0,18,1,280.630,2.222,8.994,2.245,54.020,none,1
dynamic_tau0,4.0,19,1,127.510,2.538,16.633,2.481,95.004,none,2
dynamic_tau0,4.0,20,1,92.114,1.741,16.997,1.721,92.805,none,3
oracle_pose,4.0,1,1,280.851,2.002,6.529,2.046,100.000,none,1
oracle_pose,4.0,2,1,280.512,2.001,6.114,2.043,100.000,none,1
oracle_pose,4.0,3,1,280.298,1.999,5.696,2.040,100.000,none,1
oracle_pose,4.0,4,1,280.044,1.998,5.275,2.037,100.000,none,1
oracle_pose,4.0,5,1,279.787,1.996,4.850,2.034,100.000,none,1
oracle_pose,4.0,6,1,279.586,1.995,4.424,2.030,100.000,none,1
oracle_pose,4.0,7,1,279.394,1.993,3.994,2.027,100.000,none,1
oracle_pose,4.0,8,1,279.215,1.992,3.558,2.024,100.000,none,1
oracle_pose,4.0,9,1,279.082,1.990,3.114,2.021,100.000,none,1
oracle_pose,4.0,10,1,278.869,1.989,2.667,2.018,100.000,none,1
oracle_pose,4.0,11,1,278.697,1.987,2.218,2.015,100.000,none,1
oracle_pose,4.0,12,1,278.559,1.986,1.766,2.012,100.000,none,1
oracle_pose,4.0,13,1,278.474,1.985,1.310,2.009,100.000,none,1
oracle_pose,4.0,14,1,278.406,1.984,0.854,2.006,100.000,none,1
oracle_pose,4.0,15,1,278.350,1.983,0.400,2.003,100.000,none,1
oracle_pose,4.0,16,1,278.306,1.983,0.053,2.000,100.000,none,1
oracle_pose,4.0,17,1,278.277,1.982,0.506,1.997,100.000,none,1
oracle_pose,4.0,18,1,278.258,1.982,0.957,1.995,100.000,none,1
oracle_pose,4.0,19,1,278.248,1.982,1.407,1.992,100.000,none,1
oracle_pose,4.0,20,1,278.247,1.982,1.857,1.990,100.000,none,1
raw_observation,4.0,1,0,-0.010,inf,inf,inf,100.000,lift,1
raw_observation,4.0,2,0,-0.010,inf,inf,inf,100.000,lift,1
raw_observation,4.0,3,0,-0.010,inf,inf,inf,100.000,lift,1
raw_observation,4.0,4,0,-0.010,inf,inf,inf,100.000,lift,1
raw_observation,4.0,5,0,-0.010,inf,inf,inf,100.000,lift,1
raw_observation,4.0,6,0,-0.010,inf,inf,inf,100.000,lift,1
raw_observation,4.0,7,0,-0.010,inf,inf,inf,100.000,lift,1
raw_observation,4.0,8,0,-0.010,inf,inf,inf,100.000,lift,1
raw_observation,4.0,9,0,-0.010,inf,inf,inf,100.000,lift,1
raw_observation,4.0,10,0,-0.010,inf,inf,inf,100.000,lift,1
raw_observation,4.0,11,0,-0.010,inf,inf,inf,100.000,lift,1
raw_observation,4.0,12,0,-0.010,inf,inf,inf,100.000,lift,1
raw_observation,4.0,13,0,-0.010,inf,inf,inf,100.000,lift,1
raw_observation,4.0,14,0,-0.010,inf,inf,inf,100.000,lift,1
raw_observation,4.0,15,0,-0.010,inf,inf,inf,100.000,lift,1
raw_observation,4.0,16,0,-0.010,inf,inf,inf,100.000,lift,1
raw_observation,4.0,17,0,-0.010,inf,inf,inf,100.000,lift,1
raw_observation,4.0,18,0,-0.010,inf,inf,inf,100.000,lift,1
raw_observation,4.0,19,0,-0.010,inf,inf,inf,100.000,lift,1
raw_observation,4.0,20,0,-0.010,inf,inf,inf,100.000,lift,1
uncertainty_gated,4.0,1,0,345.959,2.285,1.013,30.437,17.953,approach,1
uncertainty_gated,4.0,2,0,294.574,2.308,5.884,28.337,17.669,approach,1
uncertainty_gated,4.0,3,0,13.699,2.297,17.230,2.298,23.154,lift,2
uncertainty_gated,4.0,4,1,276.328,1.946,2.482,1.963,14.949,none,1
uncertainty_gated,4.0,5,0,22.157,1.836,16.375,1.873,24.202,lift,2
uncertainty_gated,4.0,6,1,322.777,2.223,0.802,3.776,17.490,none,1
uncertainty_gated,4.0,7,1,317.706,2.133,0.971,2.225,16.696,none,1
uncertainty_gated,4.0,8,1,273.613,2.135,5.138,6.129,16.338,none,1
uncertainty_gated,4.0,9,1,262.179,2.181,0.716,2.224,13.362,none,1
uncertainty_gated,4.0,10,1,311.568,1.896,1.630,1.936,15.201,none,1
uncertainty_gated,4.0,11,1,269.058,2.238,5.652,3.746,16.207,none,1
uncertainty_gated,4.0,12,1,55.734,2.029,5.741,2.191,36.484,none,3
uncertainty_gated,4.0,13,0,283.817,2.262,6.477,24.002,18.639,approach,1
uncertainty_gated,4.0,14,1,296.735,1.836,4.680,1.865,13.861,none,1
uncertainty_gated,4.0,15,1,262.912,1.959,8.734,1.971,13.389,none,1
uncertainty_gated,4.0,16,1,273.028,1.716,11.583,7.115,27.400,none,2
uncertainty_gated,4.0,17,0,15.278,1.780,2.398,1.780,33.131,lift,3
uncertainty_gated,4.0,18,0,-0.010,inf,inf,inf,50.678,attempt_limit,3
uncertainty_gated,4.0,19,1,262.490,2.330,12.472,2.361,23.163,none,2
uncertainty_gated,4.0,20,0,4.901,0.373,12.409,0.394,23.098,lift,2
pd_feedforward,4.0,1,0,-0.010,inf,inf,inf,100.000,lift,1
pd_feedforward,4.0,2,0,-0.010,inf,inf,inf,100.000,lift,1
pd_feedforward,4.0,3,0,-0.010,inf,inf,inf,100.000,lift,1
pd_feedforward,4.0,4,0,-0.010,inf,inf,inf,100.000,lift,1
pd_feedforward,4.0,5,0,-0.010,inf,inf,inf,100.000,lift,1
pd_feedforward,4.0,6,0,-0.010,inf,inf,inf,100.000,lift,1
pd_feedforward,4.0,7,0,-0.010,inf,inf,inf,100.000,lift,1
pd_feedforward,4.0,8,0,-0.010,inf,inf,inf,100.000,lift,1
pd_feedforward,4.0,9,0,-0.010,inf,inf,inf,100.000,lift,1
pd_feedforward,4.0,10,0,-0.010,inf,inf,inf,100.000,lift,1
pd_feedforward,4.0,11,0,-0.010,inf,inf,inf,100.000,lift,1
pd_feedforward,4.0,12,0,-0.010,inf,inf,inf,100.000,lift,1
pd_feedforward,4.0,13,0,-0.010,inf,inf,inf,100.000,lift,1
pd_feedforward,4.0,14,0,-0.010,inf,inf,inf,100.000,lift,1
pd_feedforward,4.0,15,0,-0.010,inf,inf,inf,100.000,lift,1
pd_feedforward,4.0,16,0,-0.010,inf,inf,inf,100.000,lift,1
pd_feedforward,4.0,17,0,-0.010,inf,inf,inf,100.000,lift,1
pd_feedforward,4.0,18,0,-0.010,inf,inf,inf,100.000,lift,1
pd_feedforward,4.0,19,0,-0.010,inf,inf,inf,100.000,lift,1
pd_feedforward,4.0,20,0,-0.010,inf,inf,inf,100.000,lift,1
static_replay,6.0,1,0,-0.010,inf,inf,inf,100.000,attempt_limit,3
static_replay,6.0,2,0,-0.010,inf,inf,inf,100.000,attempt_limit,3
static_replay,6.0,3,0,-0.010,inf,inf,inf,100.000,attempt_limit,3
static_replay,6.0,4,0,-0.010,inf,inf,inf,100.000,attempt_limit,3
static_replay,6.0,5,0,-0.010,inf,inf,inf,100.000,attempt_limit,3
static_replay,6.0,6,0,-0.010,inf,inf,inf,100.000,attempt_limit,3
static_replay,6.0,7,0,-0.010,inf,inf,inf,100.000,attempt_limit,3
static_replay,6.0,8,0,-0.010,inf,inf,inf,100.000,attempt_limit,3
static_replay,6.0,9,0,-0.010,inf,inf,inf,100.000,attempt_limit,3
static_replay,6.0,10,0,-0.010,inf,inf,inf,100.000,attempt_limit,3
static_replay,6.0,11,0,-0.010,inf,inf,inf,100.000,attempt_limit,3
static_replay,6.0,12,0,-0.010,inf,inf,inf,100.000,attempt_limit,3
static_replay,6.0,13,0,-0.010,inf,inf,inf,100.000,attempt_limit,3
static_replay,6.0,14,0,-0.010,inf,inf,inf,100.000,attempt_limit,3
static_replay,6.0,15,0,-0.010,inf,inf,inf,100.000,attempt_limit,3
static_replay,6.0,16,0,-0.010,inf,inf,inf,100.000,attempt_limit,3
static_replay,6.0,17,0,-0.010,inf,inf,inf,100.000,attempt_limit,3
static_replay,6.0,18,0,-0.010,inf,inf,inf,100.000,attempt_limit,3
static_replay,6.0,19,0,-0.010,inf,inf,inf,100.000,attempt_limit,3
static_replay,6.0,20,0,-0.010,inf,inf,inf,100.000,attempt_limit,3
dynamic_tau0,6.0,1,1,346.624,3.004,7.286,3.033,39.653,none,1
dynamic_tau0,6.0,2,1,332.975,3.119,6.989,3.127,42.609,none,1
dynamic_tau0,6.0,3,0,-0.010,inf,inf,inf,79.940,attempt_limit,3
dynamic_tau0,6.0,4,1,298.983,1.887,13.214,15.167,84.803,none,3
dynamic_tau0,6.0,5,1,335.872,3.259,8.334,3.582,37.499,none,1
dynamic_tau0,6.0,6,1,285.464,2.977,11.483,3.017,54.487,none,3
dynamic_tau0,6.0,7,1,343.394,2.944,10.484,2.976,40.398,none,1
dynamic_tau0,6.0,8,1,89.304,2.756,19.221,15.453,94.228,none,2
dynamic_tau0,6.0,9,1,346.387,3.353,13.804,16.077,40.383,none,1
dynamic_tau0,6.0,10,0,-0.010,inf,inf,inf,82.817,attempt_limit,3
dynamic_tau0,6.0,11,1,299.470,2.492,10.732,3.744,75.760,none,1
dynamic_tau0,6.0,12,1,270.523,3.140,0.781,4.193,64.675,none,3
dynamic_tau0,6.0,13,1,281.637,2.421,12.978,2.426,68.488,none,1
dynamic_tau0,6.0,14,1,294.245,2.994,11.086,18.567,60.916,none,2
dynamic_tau0,6.0,15,1,321.712,1.924,14.391,2.009,40.146,none,2
dynamic_tau0,6.0,16,1,293.363,2.258,9.680,10.469,60.821,none,2
dynamic_tau0,6.0,17,0,-0.010,inf,inf,inf,75.808,attempt_limit,3
dynamic_tau0,6.0,18,1,301.803,2.151,7.470,3.967,64.208,none,2
dynamic_tau0,6.0,19,1,306.587,1.822,9.379,1.859,67.451,none,2
dynamic_tau0,6.0,20,1,259.963,3.566,19.263,3.562,81.419,none,1
oracle_pose,6.0,1,1,282.085,2.983,2.390,3.021,100.000,none,1
oracle_pose,6.0,2,1,282.012,2.980,1.730,3.015,100.000,none,1
oracle_pose,6.0,3,1,281.958,2.978,1.071,3.009,100.000,none,1
oracle_pose,6.0,4,1,281.905,2.977,0.413,3.003,100.000,none,1
oracle_pose,6.0,5,1,281.854,2.975,0.246,2.998,100.000,none,1
oracle_pose,6.0,6,1,281.789,2.974,0.915,2.993,100.000,none,1
oracle_pose,6.0,7,1,281.725,2.974,1.591,2.988,100.000,none,1
oracle_pose,6.0,8,1,281.696,2.974,2.268,2.983,100.000,none,1
oracle_pose,6.0,9,1,281.780,2.974,2.950,2.980,100.000,none,1
oracle_pose,6.0,10,1,281.946,2.975,3.629,2.976,100.000,none,1
oracle_pose,6.0,11,1,282.245,2.976,4.302,2.975,100.000,none,1
oracle_pose,6.0,12,1,282.901,2.978,4.970,2.976,100.000,none,1
oracle_pose,6.0,13,1,297.228,3.023,5.632,2.986,100.000,none,1
oracle_pose,6.0,14,1,296.750,3.101,6.284,3.018,100.000,none,1
oracle_pose,6.0,15,1,296.804,3.172,6.938,3.066,100.000,none,1
oracle_pose,6.0,16,1,294.863,3.255,7.589,3.138,100.000,none,1
oracle_pose,6.0,17,1,296.361,3.334,8.210,3.244,100.000,none,1
oracle_pose,6.0,18,1,295.112,3.462,8.820,3.325,100.000,none,1
oracle_pose,6.0,19,1,294.843,3.553,9.428,3.432,100.000,none,1
oracle_pose,6.0,20,1,294.543,3.569,10.036,3.510,100.000,none,1
raw_observation,6.0,1,0,-0.010,inf,inf,inf,100.000,lift,1
raw_observation,6.0,2,0,-0.010,inf,inf,inf,100.000,lift,1
raw_observation,6.0,3,0,-0.010,inf,inf,inf,100.000,lift,1
raw_observation,6.0,4,0,-0.010,inf,inf,inf,100.000,lift,1
raw_observation,6.0,5,0,-0.010,inf,inf,inf,100.000,lift,1
raw_observation,6.0,6,0,-0.010,inf,inf,inf,100.000,lift,1
raw_observation,6.0,7,0,-0.010,inf,inf,inf,100.000,lift,1
raw_observation,6.0,8,0,-0.010,inf,inf,inf,100.000,lift,1
raw_observation,6.0,9,0,-0.010,inf,inf,inf,100.000,lift,1
raw_observation,6.0,10,0,-0.010,inf,inf,inf,100.000,lift,1
raw_observation,6.0,11,0,-0.010,inf,inf,inf,100.000,lift,1
raw_observation,6.0,12,0,-0.010,inf,inf,inf,100.000,lift,1
raw_observation,6.0,13,0,-0.010,inf,inf,inf,100.000,lift,1
raw_observation,6.0,14,0,-0.010,inf,inf,inf,100.000,lift,1
raw_observation,6.0,15,0,-0.010,inf,inf,inf,100.000,lift,1
raw_observation,6.0,16,0,-0.010,inf,inf,inf,100.000,lift,1
raw_observation,6.0,17,0,-0.010,inf,inf,inf,100.000,lift,1
raw_observation,6.0,18,0,-0.010,inf,inf,inf,100.000,lift,1
raw_observation,6.0,19,0,-0.010,inf,inf,inf,100.000,lift,1
raw_observation,6.0,20,0,-0.010,inf,inf,inf,100.000,lift,1
uncertainty_gated,6.0,1,1,96.644,2.199,19.343,14.986,28.679,none,2
uncertainty_gated,6.0,2,0,-0.010,inf,inf,inf,61.302,attempt_limit,3
uncertainty_gated,6.0,3,1,338.843,3.297,5.387,3.309,16.388,none,1
uncertainty_gated,6.0,4,1,333.287,3.321,5.757,19.032,18.065,none,1
uncertainty_gated,6.0,5,0,321.709,3.246,6.360,21.071,18.469,approach,1
uncertainty_gated,6.0,6,0,-0.010,inf,inf,inf,67.759,attempt_limit,3
uncertainty_gated,6.0,7,1,333.895,2.958,8.352,2.989,14.984,none,1
uncertainty_gated,6.0,8,1,341.286,2.926,9.251,2.955,14.256,none,1
uncertainty_gated,6.0,9,1,270.313,1.586,17.377,3.711,28.604,none,2
uncertainty_gated,6.0,10,1,52.922,2.523,19.832,2.528,24.861,none,2
uncertainty_gated,6.0,11,1,284.726,2.708,14.064,6.216,15.742,none,1
uncertainty_gated,6.0,12,0,191.333,1.049,11.933,44.810,28.037,approach,2
uncertainty_gated,6.0,13,0,-0.010,inf,inf,inf,71.375,attempt_limit,3
uncertainty_gated,6.0,14,0,318.076,3.637,19.490,75.671,17.715,approach,1
uncertainty_gated,6.0,15,0,-0.010,inf,inf,inf,66.280,attempt_limit,3
uncertainty_gated,6.0,16,1,60.524,0.556,14.196,2.275,27.269,none,2
uncertainty_gated,6.0,17,0,294.470,2.401,7.326,20.264,28.498,approach,2
uncertainty_gated,6.0,18,1,150.372,7.442,17.718,14.599,19.654,none,1
uncertainty_gated,6.0,19,0,331.964,3.857,19.500,81.687,17.827,approach,1
uncertainty_gated,6.0,20,0,-0.099,inf,inf,inf,64.686,attempt_limit,3
pd_feedforward,6.0,1,0,-0.010,inf,inf,inf,100.000,lift,1
pd_feedforward,6.0,2,0,-0.010,inf,inf,inf,100.000,lift,1
pd_feedforward,6.0,3,0,-0.010,inf,inf,inf,100.000,lift,1
pd_feedforward,6.0,4,0,-0.010,inf,inf,inf,100.000,lift,1
pd_feedforward,6.0,5,0,-0.010,inf,inf,inf,100.000,lift,1
pd_feedforward,6.0,6,0,-0.010,inf,inf,inf,100.000,lift,1
pd_feedforward,6.0,7,0,-0.010,inf,inf,inf,100.000,lift,1
pd_feedforward,6.0,8,0,-0.010,inf,inf,inf,100.000,lift,1
pd_feedforward,6.0,9,0,-0.010,inf,inf,inf,100.000,lift,1
pd_feedforward,6.0,10,0,-0.010,inf,inf,inf,100.000,lift,1
pd_feedforward,6.0,11,0,-0.067,inf,inf,inf,100.000,lift,1
pd_feedforward,6.0,12,0,-0.010,inf,inf,inf,100.000,lift,1
pd_feedforward,6.0,13,0,-0.010,inf,inf,inf,100.000,lift,1
pd_feedforward,6.0,14,0,-0.010,inf,inf,inf,100.000,lift,1
pd_feedforward,6.0,15,0,-0.010,inf,inf,inf,100.000,lift,1
pd_feedforward,6.0,16,0,-0.010,inf,inf,inf,100.000,lift,1
pd_feedforward,6.0,17,0,-0.010,inf,inf,inf,100.000,lift,1
pd_feedforward,6.0,18,0,-0.010,inf,inf,inf,100.000,lift,1
pd_feedforward,6.0,19,0,-0.010,inf,inf,inf,100.000,lift,1
pd_feedforward,6.0,20,0,-0.010,inf,inf,inf,100.000,lift,1
static_replay,8.0,1,0,-0.010,inf,inf,inf,100.000,attempt_limit,3
static_replay,8.0,2,0,-0.010,inf,inf,inf,100.000,attempt_limit,3
static_replay,8.0,3,0,-0.010,inf,inf,inf,100.000,attempt_limit,3
static_replay,8.0,4,0,-0.010,inf,inf,inf,100.000,attempt_limit,3
static_replay,8.0,5,0,-0.010,inf,inf,inf,100.000,attempt_limit,3
static_replay,8.0,6,0,-0.010,inf,inf,inf,100.000,attempt_limit,3
static_replay,8.0,7,0,-0.010,inf,inf,inf,100.000,attempt_limit,3
static_replay,8.0,8,0,-0.010,inf,inf,inf,100.000,attempt_limit,3
static_replay,8.0,9,0,-0.010,inf,inf,inf,100.000,attempt_limit,3
static_replay,8.0,10,0,-0.010,inf,inf,inf,100.000,attempt_limit,3
static_replay,8.0,11,0,-0.010,inf,inf,inf,100.000,attempt_limit,3
static_replay,8.0,12,0,-0.010,inf,inf,inf,100.000,attempt_limit,3
static_replay,8.0,13,0,-0.010,inf,inf,inf,100.000,attempt_limit,3
static_replay,8.0,14,0,-0.010,inf,inf,inf,100.000,attempt_limit,3
static_replay,8.0,15,0,-0.010,inf,inf,inf,100.000,attempt_limit,3
static_replay,8.0,16,0,-0.010,inf,inf,inf,100.000,attempt_limit,3
static_replay,8.0,17,0,-0.010,inf,inf,inf,100.000,attempt_limit,3
static_replay,8.0,18,0,-0.010,inf,inf,inf,100.000,attempt_limit,3
static_replay,8.0,19,0,-0.010,inf,inf,inf,100.000,attempt_limit,3
static_replay,8.0,20,0,-0.010,inf,inf,inf,100.000,attempt_limit,3
dynamic_tau0,8.0,1,0,-0.010,inf,inf,inf,76.039,attempt_limit,3
dynamic_tau0,8.0,2,0,-0.010,inf,inf,inf,75.952,attempt_limit,3
dynamic_tau0,8.0,3,0,-0.010,inf,inf,inf,80.978,attempt_limit,3
dynamic_tau0,8.0,4,1,291.968,1.254,17.266,13.403,83.103,none,2
dynamic_tau0,8.0,5,0,-0.010,inf,inf,inf,80.232,attempt_limit,3
dynamic_tau0,8.0,6,0,0.554,inf,inf,inf,76.242,attempt_limit,3
dynamic_tau0,8.0,7,0,0.350,inf,inf,inf,78.358,attempt_limit,3
dynamic_tau0,8.0,8,1,318.372,3.341,15.536,6.077,59.270,none,1
dynamic_tau0,8.0,9,1,319.397,3.741,18.960,3.732,61.214,none,1
dynamic_tau0,8.0,10,0,-0.010,inf,inf,inf,74.973,attempt_limit,3
dynamic_tau0,8.0,11,0,-0.010,inf,inf,inf,72.549,attempt_limit,3
dynamic_tau0,8.0,12,0,0.186,inf,inf,inf,70.051,attempt_limit,3
dynamic_tau0,8.0,13,1,344.678,3.943,4.600,3.968,44.071,none,2
dynamic_tau0,8.0,14,0,-0.010,inf,inf,inf,69.680,attempt_limit,3
dynamic_tau0,8.0,15,0,-0.010,inf,inf,inf,70.333,attempt_limit,3
dynamic_tau0,8.0,16,0,-0.010,inf,inf,inf,71.684,attempt_limit,3
dynamic_tau0,8.0,17,0,-0.010,inf,inf,inf,71.640,attempt_limit,3
dynamic_tau0,8.0,18,1,277.948,0.991,11.320,8.030,87.599,none,1
dynamic_tau0,8.0,19,0,-0.010,inf,inf,inf,70.732,attempt_limit,3
dynamic_tau0,8.0,20,0,-0.010,inf,inf,inf,70.885,attempt_limit,3
oracle_pose,8.0,1,1,285.503,3.962,1.869,3.985,100.000,none,1
oracle_pose,8.0,2,1,285.608,3.963,2.751,3.978,100.000,none,1
oracle_pose,8.0,3,1,285.846,3.964,3.625,3.971,100.000,none,1
oracle_pose,8.0,4,1,286.617,3.967,4.494,3.966,100.000,none,1
oracle_pose,8.0,5,1,295.128,3.970,5.375,3.967,100.000,none,1
oracle_pose,8.0,6,1,298.588,4.102,6.254,4.013,100.000,none,1
oracle_pose,8.0,7,1,297.857,4.243,7.138,4.111,100.000,none,1
oracle_pose,8.0,8,1,297.590,4.445,8.016,4.263,100.000,none,1
oracle_pose,8.0,9,1,297.103,4.598,8.872,4.437,100.000,none,1
oracle_pose,8.0,10,1,296.177,4.652,9.713,4.543,100.000,none,1
oracle_pose,8.0,11,1,294.162,4.667,10.547,4.615,100.000,none,1
oracle_pose,8.0,12,1,287.569,4.674,11.357,4.636,100.000,none,1
oracle_pose,8.0,13,1,293.879,4.664,12.107,4.641,100.000,none,1
oracle_pose,8.0,14,1,290.476,4.648,12.794,4.636,100.000,none,1
oracle_pose,8.0,15,1,292.217,4.625,13.432,4.619,100.000,none,1
oracle_pose,8.0,16,1,289.435,4.577,14.060,4.668,100.000,none,1
oracle_pose,8.0,17,1,288.273,4.528,14.591,4.628,100.000,none,1
oracle_pose,8.0,18,1,158.108,4.470,15.095,4.567,100.000,none,1
oracle_pose,8.0,19,1,285.884,2.116,15.143,4.524,100.000,none,1
oracle_pose,8.0,20,1,287.809,3.866,14.562,4.121,100.000,none,1
raw_observation,8.0,1,0,-0.010,inf,inf,inf,100.000,lift,1
raw_observation,8.0,2,0,-0.010,inf,inf,inf,100.000,lift,1
raw_observation,8.0,3,0,-0.010,inf,inf,inf,100.000,lift,1
raw_observation,8.0,4,0,-0.010,inf,inf,inf,100.000,lift,1
raw_observation,8.0,5,0,-0.010,inf,inf,inf,100.000,lift,1
raw_observation,8.0,6,0,-0.010,inf,inf,inf,100.000,lift,1
raw_observation,8.0,7,0,-0.010,inf,inf,inf,100.000,lift,1
raw_observation,8.0,8,0,-0.010,inf,inf,inf,100.000,lift,1
raw_observation,8.0,9,0,-0.010,inf,inf,inf,100.000,lift,1
raw_observation,8.0,10,0,-0.010,inf,inf,inf,100.000,lift,1
raw_observation,8.0,11,0,-0.010,inf,inf,inf,100.000,lift,1
raw_observation,8.0,12,0,-0.010,inf,inf,inf,100.000,lift,1
raw_observation,8.0,13,0,-0.010,inf,inf,inf,100.000,lift,1
raw_observation,8.0,14,0,-0.010,inf,inf,inf,100.000,lift,1
raw_observation,8.0,15,0,-0.010,inf,inf,inf,100.000,lift,1
raw_observation,8.0,16,0,-0.010,inf,inf,inf,100.000,lift,1
raw_observation,8.0,17,0,-0.010,inf,inf,inf,100.000,lift,1
raw_observation,8.0,18,0,-0.010,inf,inf,inf,100.000,lift,1
raw_observation,8.0,19,0,-0.010,inf,inf,inf,100.000,lift,1
raw_observation,8.0,20,0,-0.010,inf,inf,inf,100.000,lift,1
uncertainty_gated,8.0,1,0,-0.010,inf,inf,inf,83.888,attempt_limit,3
uncertainty_gated,8.0,2,0,-0.010,inf,inf,inf,88.533,attempt_limit,3
uncertainty_gated,8.0,3,0,103.382,0.837,16.934,33.850,28.938,approach,2
uncertainty_gated,8.0,4,0,105.685,0.889,17.239,33.969,29.383,approach,2
uncertainty_gated,8.0,5,0,-0.010,inf,inf,inf,90.329,attempt_limit,3
uncertainty_gated,8.0,6,0,-0.010,inf,inf,inf,91.736,attempt_limit,3
uncertainty_gated,8.0,7,0,-0.010,inf,inf,inf,86.188,attempt_limit,3
uncertainty_gated,8.0,8,0,-0.010,inf,inf,inf,88.598,attempt_limit,3
uncertainty_gated,8.0,9,1,322.390,3.998,18.001,16.596,16.567,none,1
uncertainty_gated,8.0,10,1,316.228,2.542,9.047,4.175,27.326,none,2
uncertainty_gated,8.0,11,0,319.634,4.330,19.863,69.911,18.279,approach,1
uncertainty_gated,8.0,12,0,-0.010,inf,inf,inf,86.727,attempt_limit,3
uncertainty_gated,8.0,13,1,336.935,3.686,5.667,3.980,26.764,none,2
uncertainty_gated,8.0,14,1,333.378,3.792,0.482,16.311,27.908,none,2
uncertainty_gated,8.0,15,1,322.075,3.694,0.156,6.312,28.190,none,2
uncertainty_gated,8.0,16,0,330.763,3.802,1.203,25.299,28.531,approach,2
uncertainty_gated,8.0,17,1,332.535,3.662,1.148,3.715,26.275,none,2
uncertainty_gated,8.0,18,0,68.922,0.204,10.303,58.522,39.880,approach,3
uncertainty_gated,8.0,19,0,-0.010,inf,inf,inf,84.075,attempt_limit,3
uncertainty_gated,8.0,20,0,-0.010,inf,inf,inf,80.170,attempt_limit,3
pd_feedforward,8.0,1,0,-0.010,inf,inf,inf,100.000,lift,1
pd_feedforward,8.0,2,0,-0.010,inf,inf,inf,100.000,lift,1
pd_feedforward,8.0,3,0,-0.010,inf,inf,inf,100.000,lift,1
pd_feedforward,8.0,4,0,-0.010,inf,inf,inf,100.000,lift,1
pd_feedforward,8.0,5,0,-0.010,inf,inf,inf,100.000,lift,1
pd_feedforward,8.0,6,0,-0.010,inf,inf,inf,100.000,lift,2
pd_feedforward,8.0,7,0,-0.010,inf,inf,inf,100.000,lift,1
pd_feedforward,8.0,8,0,-0.010,inf,inf,inf,100.000,lift,1
pd_feedforward,8.0,9,0,-0.010,inf,inf,inf,100.000,lift,2
pd_feedforward,8.0,10,0,-0.010,inf,inf,inf,100.000,lift,1
pd_feedforward,8.0,11,0,-0.010,inf,inf,inf,100.000,lift,1
pd_feedforward,8.0,12,0,-0.010,inf,inf,inf,100.000,lift,2
pd_feedforward,8.0,13,0,-0.010,inf,inf,inf,100.000,lift,1
pd_feedforward,8.0,14,0,-0.010,inf,inf,inf,100.000,lift,1
pd_feedforward,8.0,15,0,-0.010,inf,inf,inf,100.000,lift,1
pd_feedforward,8.0,16,0,-0.010,inf,inf,inf,100.000,lift,1
pd_feedforward,8.0,17,0,-0.010,inf,inf,inf,100.000,lift,2
pd_feedforward,8.0,18,0,-0.010,inf,inf,inf,100.000,lift,1
pd_feedforward,8.0,19,0,-0.010,inf,inf,inf,100.000,lift,1
pd_feedforward,8.0,20,0,-0.010,inf,inf,inf,100.000,lift,1
